tool,backend,epsilon,eps_frac_of_medgap,attack_success_rate
attntrace,llama3.2-3b,0.0,0.0,0.08
attntrace,llama3.2-3b,0.0001665946208165444,0.05,0.09333333333333334
attntrace,llama3.2-3b,0.0003331892416330888,0.1,0.11333333333333333
attntrace,llama3.2-3b,0.0004997838624496333,0.15000000000000002,0.12666666666666668
attntrace,llama3.2-3b,0.0006663784832661776,0.2,0.14
attntrace,llama3.2-3b,0.000832973104082722,0.25,0.15333333333333332
attntrace,llama3.2-3b,0.0009995677248992665,0.30000000000000004,0.16666666666666666
attntrace,llama3.2-3b,0.001166162345715811,0.35000000000000003,0.16666666666666666
attntrace,llama3.2-3b,0.0013327569665323553,0.4,0.18666666666666668
attntrace,llama3.2-3b,0.0014993515873488997,0.45,0.18666666666666668
attntrace,llama3.2-3b,0.001665946208165444,0.5,0.19333333333333333
attntrace,llama3.2-3b,0.0018325408289819884,0.55,0.19333333333333333
attntrace,llama3.2-3b,0.001999135449798533,0.6000000000000001,0.19333333333333333
attntrace,llama3.2-3b,0.0021657300706150774,0.65,0.21333333333333335
attntrace,llama3.2-3b,0.002332324691431622,0.7000000000000001,0.21333333333333335
attntrace,llama3.2-3b,0.002498919312248166,0.75,0.23333333333333334
attntrace,llama3.2-3b,0.0026655139330647106,0.8,0.23333333333333334
attntrace,llama3.2-3b,0.002832108553881255,0.85,0.23333333333333334
attntrace,llama3.2-3b,0.0029987031746977993,0.9,0.23333333333333334
attntrace,llama3.2-3b,0.0031652977955143437,0.95,0.23333333333333334
attntrace,llama3.2-3b,0.003331892416330888,1.0,0.23333333333333334
attntrace,llama3.2-3b,0.0034984870371474325,1.05,0.23333333333333334
attntrace,llama3.2-3b,0.003665081657963977,1.1,0.23333333333333334
attntrace,llama3.2-3b,0.0038316762787805212,1.15,0.23333333333333334
attntrace,llama3.2-3b,0.003998270899597066,1.2000000000000002,0.23333333333333334
attntrace,llama3.2-3b,0.00416486552041361,1.25,0.23333333333333334
attntrace,llama3.2-3b,0.004331460141230155,1.3,0.23333333333333334
attntrace,llama3.2-3b,0.004498054762046699,1.3499999999999999,0.23333333333333334
attntrace,llama3.2-3b,0.004664649382863244,1.4000000000000001,0.23333333333333334
attntrace,llama3.2-3b,0.0048312440036797875,1.45,0.23333333333333334
attntrace,llama3.2-3b,0.004997838624496332,1.5,0.24
attntrace,llama3.2-3b,0.005164433245312876,1.5499999999999998,0.24
attntrace,llama3.2-3b,0.005331027866129421,1.6,0.2733333333333333
attntrace,llama3.2-3b,0.005497622486945966,1.6500000000000001,0.30666666666666664
attntrace,llama3.2-3b,0.00566421710776251,1.7,0.3466666666666667
attntrace,llama3.2-3b,0.005830811728579055,1.7500000000000002,0.46
attntrace,llama3.2-3b,0.005997406349395599,1.8,0.56
attntrace,llama3.2-3b,0.0061640009702121435,1.85,0.6666666666666666
attntrace,llama3.2-3b,0.006330595591028687,1.9,0.7266666666666667
attntrace,llama3.2-3b,0.006497190211845232,1.9500000000000002,0.7866666666666666
attntrace,llama3.2-3b,0.006663784832661776,2.0,0.86
attntrace,llama3.2-3b,0.006830379453478321,2.0500000000000003,0.9066666666666666
attntrace,llama3.2-3b,0.006996974074294865,2.1,0.94
attntrace,llama3.2-3b,0.00716356869511141,2.15,0.9533333333333334
attntrace,llama3.2-3b,0.007330163315927954,2.2,0.9666666666666667
attntrace,llama3.2-3b,0.0074967579367444985,2.25,0.98
attntrace,llama3.2-3b,0.0076633525575610425,2.3,0.9866666666666667
attntrace,llama3.2-3b,0.007829947178377587,2.35,0.9866666666666667
attntrace,llama3.2-3b,0.007996541799194132,2.4000000000000004,0.9866666666666667
attntrace,llama3.2-3b,0.008163136420010677,2.45,0.9866666666666667
attntrace,llama3.2-3b,0.00832973104082722,2.5,0.9866666666666667
attntrace,llama3.2-3b,0.008496325661643765,2.5500000000000003,0.9933333333333333
attntrace,llama3.2-3b,0.00866292028246031,2.6,0.9933333333333333
attntrace,llama3.2-3b,0.008829514903276854,2.6500000000000004,0.9933333333333333
attntrace,llama3.2-3b,0.008996109524093398,2.6999999999999997,0.9933333333333333
attntrace,llama3.2-3b,0.009162704144909942,2.75,0.9933333333333333
attntrace,llama3.2-3b,0.009329298765726487,2.8000000000000003,1.0
attntrace,llama3.2-3b,0.009495893386543032,2.85,1.0
attntrace,llama3.2-3b,0.009662488007359575,2.9,1.0
attntrace,llama3.2-3b,0.00982908262817612,2.95,1.0
attntrace,llama3.2-3b,0.009995677248992665,3.0,1.0
attntrace,qwen2.5-3b,0.0,0.0,0.06
attntrace,qwen2.5-3b,0.0003416819513150448,0.05,0.08666666666666667
attntrace,qwen2.5-3b,0.0006833639026300896,0.1,0.10666666666666667
attntrace,qwen2.5-3b,0.0010250458539451343,0.15,0.13333333333333333
attntrace,qwen2.5-3b,0.0013667278052601792,0.2,0.14666666666666667
attntrace,qwen2.5-3b,0.001708409756575224,0.25000000000000006,0.15333333333333332
attntrace,qwen2.5-3b,0.0020500917078902685,0.3,0.16
attntrace,qwen2.5-3b,0.0023917736592053134,0.35000000000000003,0.16666666666666666
attntrace,qwen2.5-3b,0.0027334556105203583,0.4,0.17333333333333334
attntrace,qwen2.5-3b,0.003075137561835403,0.45000000000000007,0.17333333333333334
attntrace,qwen2.5-3b,0.003416819513150448,0.5000000000000001,0.17333333333333334
attntrace,qwen2.5-3b,0.0037585014644654926,0.55,0.19333333333333333
attntrace,qwen2.5-3b,0.004100183415780537,0.6,0.19333333333333333
attntrace,qwen2.5-3b,0.004441865367095582,0.65,0.19333333333333333
attntrace,qwen2.5-3b,0.004783547318410627,0.7000000000000001,0.19333333333333333
attntrace,qwen2.5-3b,0.005125229269725672,0.75,0.19333333333333333
attntrace,qwen2.5-3b,0.005466911221040717,0.8,0.2
attntrace,qwen2.5-3b,0.0058085931723557615,0.8500000000000001,0.2
attntrace,qwen2.5-3b,0.006150275123670806,0.9000000000000001,0.2
attntrace,qwen2.5-3b,0.006491957074985851,0.9500000000000001,0.2
attntrace,qwen2.5-3b,0.006833639026300896,1.0000000000000002,0.2
attntrace,qwen2.5-3b,0.00717532097761594,1.05,0.2
attntrace,qwen2.5-3b,0.007517002928930985,1.1,0.2
attntrace,qwen2.5-3b,0.00785868488024603,1.1500000000000001,0.2
attntrace,qwen2.5-3b,0.008200366831561074,1.2,0.2
attntrace,qwen2.5-3b,0.00854204878287612,1.25,0.2
attntrace,qwen2.5-3b,0.008883730734191164,1.3,0.2
attntrace,qwen2.5-3b,0.00922541268550621,1.35,0.2
attntrace,qwen2.5-3b,0.009567094636821254,1.4000000000000001,0.2
attntrace,qwen2.5-3b,0.0099087765881363,1.4500000000000002,0.2
attntrace,qwen2.5-3b,0.010250458539451343,1.5,0.2
attntrace,qwen2.5-3b,0.01059214049076639,1.5500000000000003,0.2
attntrace,qwen2.5-3b,0.010933822442081433,1.6,0.21333333333333335
attntrace,qwen2.5-3b,0.011275504393396477,1.65,0.24666666666666667
attntrace,qwen2.5-3b,0.011617186344711523,1.7000000000000002,0.29333333333333333
attntrace,qwen2.5-3b,0.011958868296026567,1.75,0.38666666666666666
attntrace,qwen2.5-3b,0.012300550247341613,1.8000000000000003,0.44
attntrace,qwen2.5-3b,0.012642232198656657,1.85,0.5533333333333333
attntrace,qwen2.5-3b,0.012983914149971703,1.9000000000000001,0.62
attntrace,qwen2.5-3b,0.013325596101286747,1.9500000000000002,0.72
attntrace,qwen2.5-3b,0.013667278052601792,2.0000000000000004,0.7933333333333333
attntrace,qwen2.5-3b,0.014008960003916836,2.0500000000000003,0.8333333333333334
attntrace,qwen2.5-3b,0.01435064195523188,2.1,0.8933333333333333
attntrace,qwen2.5-3b,0.014692323906546926,2.1500000000000004,0.9333333333333333
attntrace,qwen2.5-3b,0.01503400585786197,2.2,0.9666666666666667
attntrace,qwen2.5-3b,0.015375687809177016,2.2500000000000004,0.9733333333333334
attntrace,qwen2.5-3b,0.01571736976049206,2.3000000000000003,0.9866666666666667
attntrace,qwen2.5-3b,0.016059051711807104,2.35,0.9933333333333333
attntrace,qwen2.5-3b,0.016400733663122148,2.4,0.9933333333333333
attntrace,qwen2.5-3b,0.016742415614437196,2.45,0.9933333333333333
attntrace,qwen2.5-3b,0.01708409756575224,2.5,1.0
attntrace,qwen2.5-3b,0.017425779517067284,2.5500000000000003,1.0
attntrace,qwen2.5-3b,0.017767461468382328,2.6,1.0
attntrace,qwen2.5-3b,0.018109143419697375,2.6500000000000004,1.0
attntrace,qwen2.5-3b,0.01845082537101242,2.7,1.0
attntrace,qwen2.5-3b,0.018792507322327463,2.75,1.0
attntrace,qwen2.5-3b,0.019134189273642507,2.8000000000000003,1.0
attntrace,qwen2.5-3b,0.01947587122495755,2.85,1.0
attntrace,qwen2.5-3b,0.0198175531762726,2.9000000000000004,1.0
attntrace,qwen2.5-3b,0.020159235127587643,2.95,1.0
attntrace,qwen2.5-3b,0.020500917078902687,3.0,1.0
ragorigin,llama3.2-3b,0.0,0.0,0.04
ragorigin,llama3.2-3b,0.06890534573912578,0.05,0.1
ragorigin,llama3.2-3b,0.13781069147825156,0.1,0.12
ragorigin,llama3.2-3b,0.20671603721737736,0.15000000000000002,0.14
ragorigin,llama3.2-3b,0.2756213829565031,0.2,0.18
ragorigin,llama3.2-3b,0.3445267286956289,0.25,0.18
ragorigin,llama3.2-3b,0.4134320744347547,0.30000000000000004,0.2
ragorigin,llama3.2-3b,0.4823374201738805,0.35000000000000003,0.2
ragorigin,llama3.2-3b,0.5512427659130062,0.4,0.2
ragorigin,llama3.2-3b,0.620148111652132,0.45,0.2
ragorigin,llama3.2-3b,0.6890534573912578,0.5,0.2
ragorigin,llama3.2-3b,0.7579588031303836,0.55,0.2
ragorigin,llama3.2-3b,0.8268641488695094,0.6000000000000001,0.2
ragorigin,llama3.2-3b,0.8957694946086352,0.65,0.2
ragorigin,llama3.2-3b,0.964674840347761,0.7000000000000001,0.2
ragorigin,llama3.2-3b,1.0335801860868867,0.75,0.2
ragorigin,llama3.2-3b,1.1024855318260125,0.8,0.2
ragorigin,llama3.2-3b,1.1713908775651383,0.85,0.2
ragorigin,llama3.2-3b,1.240296223304264,0.9,0.2
ragorigin,llama3.2-3b,1.3092015690433898,0.95,0.2
ragorigin,llama3.2-3b,1.3781069147825156,1.0,0.2
ragorigin,llama3.2-3b,1.4470122605216413,1.05,0.2
ragorigin,llama3.2-3b,1.515917606260767,1.1,0.2
ragorigin,llama3.2-3b,1.5848229519998929,1.15,0.2
ragorigin,llama3.2-3b,1.6537282977390189,1.2000000000000002,0.2
ragorigin,llama3.2-3b,1.7226336434781446,1.2500000000000002,0.2
ragorigin,llama3.2-3b,1.7915389892172704,1.3,0.24
ragorigin,llama3.2-3b,1.8604443349563962,1.35,0.24
ragorigin,llama3.2-3b,1.929349680695522,1.4000000000000001,0.24
ragorigin,llama3.2-3b,1.9982550264346477,1.4500000000000002,0.26
ragorigin,llama3.2-3b,2.0671603721737735,1.5,0.28
ragorigin,llama3.2-3b,2.1360657179128992,1.55,0.32
ragorigin,llama3.2-3b,2.204971063652025,1.6,0.38
ragorigin,llama3.2-3b,2.2738764093911508,1.6500000000000001,0.4
ragorigin,llama3.2-3b,2.3427817551302765,1.7,0.48
ragorigin,llama3.2-3b,2.4116871008694023,1.75,0.54
ragorigin,llama3.2-3b,2.480592446608528,1.8,0.6
ragorigin,llama3.2-3b,2.549497792347654,1.85,0.64
ragorigin,llama3.2-3b,2.6184031380867796,1.9,0.74
ragorigin,llama3.2-3b,2.6873084838259054,1.95,0.84
ragorigin,llama3.2-3b,2.756213829565031,2.0,0.86
ragorigin,llama3.2-3b,2.825119175304157,2.05,0.92
ragorigin,llama3.2-3b,2.8940245210432827,2.1,0.98
ragorigin,llama3.2-3b,2.9629298667824084,2.15,1.0
ragorigin,llama3.2-3b,3.031835212521534,2.2,1.0
ragorigin,llama3.2-3b,3.10074055826066,2.25,1.0
ragorigin,llama3.2-3b,3.1696459039997857,2.3,1.0
ragorigin,llama3.2-3b,3.2385512497389115,2.35,1.0
ragorigin,llama3.2-3b,3.3074565954780377,2.4000000000000004,1.0
ragorigin,llama3.2-3b,3.3763619412171635,2.45,1.0
ragorigin,llama3.2-3b,3.4452672869562893,2.5000000000000004,1.0
ragorigin,llama3.2-3b,3.514172632695415,2.5500000000000003,1.0
ragorigin,llama3.2-3b,3.583077978434541,2.6,1.0
ragorigin,llama3.2-3b,3.6519833241736666,2.6500000000000004,1.0
ragorigin,llama3.2-3b,3.7208886699127923,2.7,1.0
ragorigin,llama3.2-3b,3.789794015651918,2.75,1.0
ragorigin,llama3.2-3b,3.858699361391044,2.8000000000000003,1.0
ragorigin,llama3.2-3b,3.9276047071301696,2.85,1.0
ragorigin,llama3.2-3b,3.9965100528692954,2.9000000000000004,1.0
ragorigin,llama3.2-3b,4.065415398608421,2.9499999999999997,1.0
ragorigin,llama3.2-3b,4.134320744347547,3.0,1.0
